ingr,Thiamin,Vitamin B12,Vitamin B6,Protein,Riboflavin,Copper,Saturated fat,Vitamin K,Fat,Phosphorus,Dietary Fiber,Vitamin E,Pantothenic acid,Magnesium,Potassium,Sodium,Biotin,Cholesterol,Folate,Niacin,Iron,Selenium,Calcium,Total carbohydrates,Zinc,Choline,Vitamin A,Vitamin C,Vitamin D
almond,0.03416666666666667,0.0,0.060588235294117644,0.42,0.7223076923076922,1.037777777777778,0.3275,0.0,0.7115384615384616,0.4064,0.3678571428571429,1.6133333333333333,,0.6642857142857143,0.15914893617021278,0.09869565217391305,,0.0,0.1325,0.1975,0.1938888888888889,0.04363636363636363,0.26692307692307693,0.06836363636363636,0.2990909090909091,0.09472727272727273,0.0,0.0,0.0
amaretto,,,,0.0,,,0.1665,,0.1282051282051282,,0.0,,,,0.0,0.029130434782608697,,0.0,,,0.0,,0.0,0.12109090909090908,,,,,
apple,,,,0.0,,,0.0,,0.008333333333333333,,0.1142857142857143,,,,0.023404255319148935,0.0,,0.0,,,0.012777777777777779,,0.0,0.052000000000000005,,,,0.034444444444444444,
apple juice,,,,0.0084,,,0.0,,0.0,,0.0,,,,0.009361702127659575,0.0,,0.0,,,0.0,,0.0,0.05309090909090909,,,,,
apricot,,,,0.0,,,,,0.0,,,,,,0.015106382978723404,0.0026086956521739132,,,,,,,,0.04909090909090909,,,,0.19555555555555557,
artichoke,,,,0.0334,,,0.08349999999999999,,0.08551282051282051,,0.060714285714285714,,,,,0.13043478260869565,,0.0,,,0.03333333333333333,,0.0,0.01210909090909091,,,,0.0,
arugula,,,,0.047,,,0.0,,0.007564102564102564,,0.04285714285714286,,,,,0.012608695652173913,,0.0,,,0.07055555555555555,,0.13538461538461538,0.012836363636363635,,,,0.15666666666666668,
asian pear,0.0075,0.0,0.012941176470588235,0.01,0.007692307692307692,0.05555555555555556,0.0006000000000000001,0.0375,0.002948717948717949,0.0088,0.1285714285714286,0.008,,0.01904761904761905,0.02574468085106383,0.0,,0.0,0.02,0.0136875,0.0,0.0018181818181818182,0.003076923076923077,0.03854545454545454,0.0018181818181818182,0.009272727272727273,0.0,0.042222222222222223,0.0
asparagus,,,,0.047,,,0.0,,0.0,,0.08571428571428572,,,,0.04297872340425532,0.0,,0.0,,,0.11777777777777779,,0.018461538461538463,0.012836363636363635,,,,0.06555555555555556,
avocado,0.016666666666666666,0.10833333333333334,0.0058823529411764705,0.038,0.038461538461538464,0.011111111111111112,0.29900000000000004,0.8058333333333334,0.555128205128205,0.0248,0.0035714285714285718,0.30666666666666664,,0.016666666666666666,0.012340425531914894,0.3769565217391304,,0.13333333333333333,0.01,0.00875,0.019444444444444445,0.02909090909090909,0.026153846153846153,0.026763636363636364,0.022727272727272728,0.006545454545454545,0.011111111111111112,0.0022222222222222222,0.0
bacon,,,,0.7140000000000001,,,0.7150000000000001,,0.45769230769230773,,0.0,,,,,0.8695652173913043,,0.12,,,0.14277777777777778,,0.0,0.0,,,,0.0,
banana,,,,0.25,,,0.0,,0.08012820512820513,,0.22142857142857145,,,,,0.2582608695652174,,0.0,,,0.06222222222222223,,0.09615384615384616,0.14763636363636365,,,,0.16666666666666666,
bean,0.075,0.0,0.06764705882352942,0.10880000000000001,0.07692307692307693,0.2177777777777778,0.02645,0.014166666666666666,0.04743589743589744,0.084,0.17500000000000002,0.06066666666666667,,0.09523809523809523,0.07829787234042553,0.19260869565217392,,0.0,0.0525,0.026875,0.08888888888888889,0.14,0.02,0.05781818181818182,0.06272727272727273,0.029636363636363638,0.0,0.006666666666666666,0.0
beef,,,,0.4,,,0.20600000000000002,,0.07538461538461538,,0.0,,,,,0.09217391304347826,,0.17666666666666667,,,0.23555555555555557,,0.0,0.0,,,,0.0,
beef rib,0.025,0.4875,0.15,0.426,0.06923076923076922,0.05222222222222222,0.12250000000000001,,0.08692307692307692,0.1472,0.0,0.04933333333333333,0.0586,0.047619047619047616,0.07170212765957447,0.023478260869565216,,0.19,,0.269375,0.10111111111111111,0.05272727272727273,0.011538461538461539,0.0,0.3590909090909091,,0.008888888888888889,0.0,0.01
beef shank,0.08333333333333334,1.3875000000000002,0.27647058823529413,0.436,0.1692307692307692,0.07888888888888888,0.064,,0.04935897435897436,0.1632,0.0,,0.06999999999999999,0.03333333333333333,0.0823404255319149,0.027391304347826086,,0.13,0.02,0.35875,0.1288888888888889,0.3218181818181818,0.015384615384615385,0.0,0.630909090909091,,0.0,0.0,
beef tenderloin,,,,0.414,,,0.177,,0.09717948717948718,,0.0,,,,,0.027391304347826086,,0.17,,,0.12611111111111112,,0.0,0.0,,,,0.0,
beer,0.004166666666666667,0.008333333333333333,0.027058823529411764,0.0092,0.019230769230769232,0.005555555555555556,0.0,0.0,0.0,0.0112,0.0,0.0,,0.014285714285714285,0.00574468085106383,0.0017391304347826088,,0.0,0.015,0.0320625,0.0011111111111111111,0.010909090909090908,0.003076923076923077,0.012909090909090908,0.0009090909090909091,0.018363636363636363,0.0,0.0,0.0
beet,0.008333333333333333,0.0,0.029411764705882356,0.016,0.03692307692307692,0.1288888888888889,0.00065,0.0025,0.0010256410256410256,0.0136,0.028571428571428574,0.004,,0.03571428571428571,0.02446808510638298,0.06478260869565218,,0.0,0.0675,0.0156875,0.022777777777777775,0.01818181818181818,0.008461538461538461,0.059272727272727276,0.023636363636363636,0.02727272727272727,0.0022222222222222222,0.025555555555555554,0.0
bell pepper,0.03258333333333334,,0.14529411764705882,0.0143,0.0683076923076923,0.06422222222222222,,,0.001358974358974359,0.01344,0.03364285714285714,,,0.02142857142857143,0.03468085106382979,0.0,0.0,,,0.03975,0.010333333333333333,0.0,0.0057692307692307696,0.017381818181818182,0.011454545454545455,,,1.1055555555555556,
berry,0.023333333333333334,0.0,0.02823529411764706,0.0138,0.021538461538461538,0.056666666666666664,0.00095,0.06083333333333333,0.0039743589743589745,0.016,0.075,0.024666666666666667,,0.02619047619047619,0.027659574468085105,0.0004347826086956522,,0.0,0.0475,0.02475,0.020555555555555556,0.005454545454545454,0.01,0.03534545454545455,0.013636363636363636,0.010545454545454545,0.0022222222222222222,0.49,0.0
bitters,0.04083333333333334,0.0,0.03294117647058824,0.016399999999999998,0.039999999999999994,0.035555555555555556,0.036699999999999997,0.058333333333333334,0.034743589743589744,0.028,0.06785714285714285,0.028666666666666667,,0.0380952380952381,0.06574468085106383,0.05565217391304348,,0.006666666666666667,0.1225,0.017,0.020555555555555556,0.0036363636363636364,0.006923076923076923,0.015236363636363638,0.06818181818181818,0.019454545454545454,0.01888888888888889,0.35444444444444445,0.0
blackberry,,,,0.0116,,,0.0,,0.003717948717948718,,0.060714285714285714,,,,,0.0,,0.0,,,2.3333333333333335,,0.0015384615384615385,0.018036363636363635,,,,0.08888888888888889,
blue cheese,,,,0.428,,,0.8949999999999999,,0.3666666666666667,,0.1285714285714286,,,,,0.591304347826087,,0.23666666666666666,,,0.0,,0.4123076923076923,0.012981818181818181,,,,0.0,
blueberry,,,,0.0,,,,,0.0,,,,,,,0.0,,,,,,,,0.23636363636363636,,,,,
bourbon,0.2941666666666667,0.0,0.04176470588235294,0.1074,0.24153846153846154,0.09999999999999999,0.40499999999999997,0.09166666666666666,0.33589743589743587,0.0528,0.04642857142857143,0.16266666666666665,,0.03333333333333333,0.01872340425531915,0.15347826086956523,,0.0,0.31,0.205,0.16555555555555557,0.11272727272727273,0.01,0.23199999999999998,0.04454545454545455,0.0016363636363636363,0.0,0.0,0.0
bran,0.38583333333333336,0.004166666666666667,0.05411764705882353,0.192,0.23846153846153845,0.24,0.06949999999999999,0.025833333333333333,0.07692307692307693,0.0976,0.1357142857142857,0.004666666666666667,,0.10476190476190476,0.03404255319148936,0.1991304347826087,,0.0,0.4275,0.279375,0.21944444444444444,0.5781818181818182,0.07307692307692308,0.16218181818181818,0.09545454545454546,0.04818181818181818,0.0,0.0,0.0
brandy,0.005,0.0,0.0005882352941176471,0.0,0.003076923076923077,0.023333333333333334,0.0,0.0,0.0,0.0032,0.0,0.0,,0.0,0.000425531914893617,0.0004347826086956522,,0.0,0.0,0.0008125,0.0022222222222222222,0.0,0.0,0.0,0.0036363636363636364,0.0,0.0,0.0,0.0
bread,,,,0.1578,,,0.0,,0.0,,0.09285714285714286,,,,,0.24043478260869566,,0.0,,,0.05277777777777778,,0.0,0.20109090909090907,,,,0.0,
brie,,,,0.358,,,1.0699999999999998,,0.4115384615384616,,0.0,,,,,0.31043478260869567,,0.3566666666666667,,,0.19833333333333333,,269.2307692307692,0.0,,,,,
brisket,0.05750000000000001,1.0125000000000002,0.15764705882352942,0.532,0.1523076923076923,0.11888888888888888,0.3735,0.015000000000000001,0.2487179487179487,0.1712,0.0,0.012666666666666666,,0.05,0.054680851063829784,0.16826086956521738,,0.30666666666666664,0.0175,0.20875,0.13944444444444443,0.42000000000000004,0.005384615384615384,0.0,0.5372727272727272,0.18363636363636363,0.0,0.0,0.015
broccoli,,,,0.054000000000000006,,,0.0,,0.00435897435897436,,0.07142857142857142,,,,,0.023478260869565216,,0.0,,,0.04055555555555555,,0.031538461538461536,0.019672727272727272,,,,0.9911111111111112,
broccoli rabe,,,,0.047,,,0.0,,0.0,,0.08571428571428572,,,,0.07319148936170213,0.017826086956521738,,0.0,,,0.06555555555555555,,0.06153846153846154,0.017127272727272727,,,,,
brussel sprout,0.11583333333333334,0.0,0.1288235294117647,0.0676,0.06923076923076922,0.07777777777777778,0.0031,1.475,0.003846153846153846,0.0552,0.1357142857142857,0.058666666666666666,,0.05476190476190476,0.08276595744680851,0.010869565217391304,,0.0,0.1525,0.0465625,0.07777777777777778,0.02909090909090909,0.03230769230769231,0.032545454545454544,0.03818181818181818,0.03472727272727273,0.042222222222222223,0.9444444444444444,0.0
bulgur,,,,0.25,,,0.028499999999999998,,0.029102564102564104,,0.2857142857142857,,,,,0.004782608695652174,,0.0,,,0.0911111111111111,,0.03461538461538462,0.24363636363636362,,,,0.0,
butter,,,,0.0236,,,0.0,,0.0,,0.04285714285714286,,,,,0.0,,0.0,,,0.07055555555555555,,0.018461538461538463,0.008545454545454545,,,,0.04666666666666667,
buttermilk,,,,0.0666,,,0.020999999999999998,,0.005384615384615384,,0.0,,,,,0.07434782608695652,,0.013333333333333334,,,0.0,,0.09615384615384616,0.01970909090909091,,,,0.0,
butternut squash,,,,0.0236,,,0.0,,0.0,,0.08571428571428572,,,,,0.0,,0.0,,,0.04722222222222222,,0.036153846153846154,0.04290909090909091,,,,0.23555555555555555,
cabbage,0.008333333333333333,0.0,0.12529411764705883,0.022000000000000002,0.16153846153846152,0.026666666666666665,0.00335,0.36333333333333334,0.00641025641025641,0.0192,0.05714285714285715,0.007333333333333333,,0.03333333333333333,0.03212765957446809,0.2165217391304348,,0.0,0.13,0.06875,0.1388888888888889,0.00909090909090909,0.025384615384615384,0.008727272727272728,0.02,0.028181818181818183,0.005555555555555556,0.0,0.0
cake,,,,0.0706,,,0.53,,0.30128205128205127,,0.0,,,,0.01,0.18434782608695652,,0.08,,,0.05888888888888889,,0.018461538461538463,0.20545454545454545,,,,,
candy,,,,0.0,,,,,0.0,,,,,,,0.0,,,,,,,,0.36363636363636365,,,,,
cantaloupe,,,,0.015,,,0.0,,0.0,,0.024999999999999998,,,,,0.00826086956521739,,0.0,,,0.015000000000000001,,0.011538461538461539,0.032581818181818184,,,,0.39777777777777773,
caramel,,,,0.0,,,0.0,,0.08217948717948718,,,,,,,0.2008695652173913,,,,,0.0,,0.0,0.29818181818181816,,,,0.0,
caraway,0.025833333333333333,0.11250000000000002,0.04352941176470588,0.504,0.34615384615384615,0.026666666666666665,0.93,,0.37435897435897436,0.392,0.0,,0.038,0.05238095238095238,0.01978723404255319,0.3,,0.31,0.045,0.01125,0.035555555555555556,0.2636363636363636,0.5176923076923077,0.011127272727272727,0.2672727272727273,,0.3011111111111111,0.0,
carrot,0.05500000000000001,0.0,0.08117647058823531,0.018600000000000002,0.04461538461538462,0.049999999999999996,0.0016,0.11,0.003076923076923077,0.028,0.09999999999999999,0.044000000000000004,,0.02857142857142857,0.06808510638297872,0.03,,0.0,0.0475,0.0614375,0.016666666666666666,0.0018181818181818182,0.025384615384615384,0.03483636363636364,0.021818181818181816,0.016,0.9277777777777778,0.06555555555555556,0.0
cashew,,,,0.1396,,,0.34900000000000003,,0.26794871794871794,,0.08214285714285714,,,,,0.1517391304347826,,0.07666666666666666,,,0.09277777777777778,,0.0,0.2450909090909091,,,,0.0,
cauliflower,,,,0.0,,,0.0,,0.0,,0.08571428571428572,,,,0.03,0.00782608695652174,,0.0,,,0.0,,0.0,0.012836363636363635,,,,,
celery,,,,0.0,,,0.0,,0.0,,0.0642857142857143,,,,,0.04565217391304348,,0.0,,,0.018333333333333333,,0.027692307692307693,0.013236363636363636,,,,0.0911111111111111,
champagne,0.02,0.0,0.03235294117647059,0.0032,0.013076923076923078,0.042222222222222223,0.00025,0.0008333333333333334,0.0010256410256410256,0.0088,0.0035714285714285718,0.0006666666666666666,,0.01904761904761905,0.017659574468085106,0.0017391304347826088,,0.0,0.0175,0.008375,0.013888888888888888,0.0036363636363636364,0.006153846153846154,0.04436363636363636,0.009090909090909092,0.005454545454545455,0.0,0.044444444444444446,0.0
chard,0.03166666666666667,0.0,0.06823529411764706,0.037599999999999995,0.06846153846153846,0.20666666666666667,0.0403,7.216666666666667,0.03769230769230769,0.0384,0.060714285714285714,0.152,,0.2,0.08404255319148936,0.15347826086956523,,0.006666666666666667,0.0275,0.02475,0.10444444444444444,0.016363636363636365,0.04153846153846154,0.01418181818181818,0.034545454545454546,0.034545454545454546,0.3488888888888889,0.24333333333333332,0.0
cheddar,,,,0.2,,,0.4165,,0.2564102564102564,,0.0,,,,,0.7521739130434782,,0.11,,,0.0,,0.2561538461538462,0.048363636363636366,,,,0.0,
cheese,,,,0.42200000000000004,,,0.8800000000000001,,0.31538461538461543,,0.0,,,,,0.2604347826086956,,0.17666666666666667,,,0.0,,0.0,0.008945454545454545,,,,0.0,
cherry,,,,0.08,,,0.35,,0.2564102564102564,,0.07142857142857142,,,,,0.08695652173913043,,0.0,,,0.08,,0.03076923076923077,0.15272727272727274,,,,0.0,
chestnut,,,,0.08,,,0.0,,0.01282051282051282,,0.21428571428571427,,,,,0.0,,0.0,,,0.04,,0.0,0.16,,,,0.26666666666666666,
chicken,,,,0.428,,,0.0445,,0.02294871794871795,,0.0,,,,,0.07782608695652174,,0.15,,,0.0,,0.0,0.0,,,,0.0,
chickpea,,,,0.38,,,0.05,,0.07692307692307693,,0.6071428571428571,,,,,0.010434782608695653,,0.0,,,0.34,,0.07692307692307693,0.22181818181818183,,,,0.04,
chile pepper,0.0675,0.0,0.47647058823529415,0.212,0.923076923076923,0.25333333333333335,0.04065,0.9,0.07448717948717948,0.1272,1.025,0.20933333333333334,0.19119999999999998,0.20952380952380953,0.39787234042553193,0.03956521739130435,,0.0,0.1275,0.541875,0.33555555555555555,0.06363636363636363,0.03461538461538462,0.2541818181818182,0.09272727272727273,0.15327272727272725,1.4666666666666666,0.34888888888888886,0.0
chili,,,,0.11019999999999999,,,0.1905,,0.13076923076923075,,0.028571428571428574,,,,0.027872340425531914,0.16956521739130434,,0.05,,,0.025555555555555557,,0.013076923076923076,0.024654545454545457,,,,0.0,
chive,0.065,0.0,0.08117647058823531,0.0654,0.08846153846153847,0.17444444444444443,0.007299999999999999,1.775,0.009358974358974358,0.0464,0.08928571428571429,0.014,,0.1,0.06297872340425532,0.0013043478260869566,,0.0,0.2625,0.0404375,0.08888888888888889,0.016363636363636365,0.07076923076923076,0.015818181818181818,0.05090909090909091,0.009454545454545455,0.24222222222222223,0.6455555555555555,0.0
chocolate,,,,0.1464,,,0.8550000000000001,,0.37564102564102564,,0.08571428571428572,,,,,0.03695652173913044,,0.08,,,0.19499999999999998,,0.15,0.22181818181818183,,,,0.0,
cilantro,,,,0.0,,,,,0.0,,,,,,,0.0,,,,,,,,0.0,,,,,
cinco de mayo,,,,0.466,,0.96,,,0.011025641025641025,0.3512,0.14285714285714285,,,0.43333333333333335,0.3170212765957447,,,,,,0.24833333333333332,,0.13846153846153847,,0.3109090909090909,,,,
cinnamon,,,,0.0,,,,,0.0,,,,,,,0.0,,0.0,,,,,,0.0,,,,,
citrus,0.0,0.0,0.0,0.0,0.0,0.0,0.0,0.0,0.0,0.0,0.0,0.0,0.0,0.0,0.000851063829787234,0.004347826086956522,,0.0,0.0,0.0,0.0,0.0,0.006153846153846154,0.041090909090909095,0.0,0.0,0.0,0.2777777777777778,0.0
clam,0.08083333333333334,1.8416666666666668,0.060588235294117644,0.1746,0.05538461538461538,0.07555555555555556,0.054000000000000006,0.08,0.06051282051282051,0.0808,0.04285714285714286,0.04933333333333333,,0.04285714285714286,0.033829787234042556,0.14173913043478262,,0.05333333333333334,0.0475,0.066875,0.0661111111111111,0.3018181818181818,0.03307692307692308,0.035745454545454546,0.04454545454545455,0.06381818181818182,0.07666666666666666,0.16333333333333333,0.005
coconut,,,,0.07139999999999999,,,1.605,,0.45769230769230773,,0.1285714285714286,,,,,0.11347826086956522,,0.0,,,0.10722222222222222,,0.0,0.16872727272727273,,,,0.0,
cod,,,,0.248,,,0.0295,,0.03769230769230769,,0.02142857142857143,,,,,0.1817391304347826,,0.10666666666666667,,,0.04722222222222222,,0.026923076923076925,0.019236363636363635,,,,0.03888888888888889,
coffee,,0.0,0.0,0.25,,,0.0,0.0,0.0,3.0,0.44642857142857145,,,,0.2936170212765957,0.6521739130434783,,0.0,,0.0,0.25,,3.3692307692307693,0.18181818181818182,0.0,,,0.0,
cognac,,,,0.07139999999999999,,,1.9649999999999999,,0.5948717948717949,,0.25357142857142856,,,,0.1746808510638298,0.03869565217391304,,0.0,,,0.39666666666666667,,0.054615384615384614,0.156,,,,,
collard greens,,,,0.047,,,0.0,,0.0,,0.125,,,,,0.00782608695652174,,0.0,,,0.0,,0.09076923076923077,0.021381818181818182,,,,0.3922222222222222,
cookies,,,,0.091,,,0.3975,,0.291025641025641,,0.08214285714285714,,,,0.02893617021276596,0.13826086956521738,,0.0,,,0.22722222222222221,,0.0,0.23963636363636365,,,,0.0,
coriander,0.19916666666666666,0.0,,0.248,0.22307692307692306,1.0833333333333333,0.0495,,0.22820512820512823,0.3272,1.4964285714285714,,,0.7857142857142857,0.2702127659574468,0.015217391304347827,,0.0,0.0,0.133125,0.9055555555555556,0.4763636363636364,0.5453846153846154,0.2,0.4272727272727273,,0.0,0.23333333333333334,0.0
corn,,,,0.0706,,,0.0,,0.015128205128205128,,0.04285714285714286,,,,0.023617021276595745,0.0,,0.0,,,0.0,,0.0,0.08145454545454545,,,,,
cornmeal,,,,0.14279999999999998,,,0.0,,0.0,,0.08571428571428572,,,,,0.0,,0.0,,,0.04777777777777778,,0.0,0.29454545454545455,,,,0.0,
cottage cheese,,,,0.212,,,0.155,,0.056666666666666664,,0.0,,,,0.03021276595744681,0.18478260869565216,,0.07333333333333333,,,0.0,,0.054615384615384614,0.016072727272727273,,,,0.0,
couscous,,,,0.266,,,0.0,,0.0,,0.15714285714285717,,,,0.04021276595744681,0.0,,0.0,,,0.12333333333333335,,0.025384615384615384,0.2829090909090909,,,,,
crab,,,,0.456,,,0.0,,0.015769230769230768,,0.0,,,,,0.16260869565217392,,0.35,,,0.05277777777777778,,0.06769230769230769,0.0,,,,,
cranberry,,,,0.0,,,,,0.0,,,,,,,0.006521739130434782,,,,,0.008333333333333333,,,0.045454545454545456,,,,0.2777777777777778,
cream cheese,,,,0.14279999999999998,,,1.0699999999999998,,0.4115384615384616,,0.0,,,,0.0,0.14739130434782607,,0.3566666666666667,,,0.0,,0.054615384615384614,0.025963636363636362,,,,,
cucumber,0.0175,0.0,0.02176470588235294,0.0104,0.01846153846153846,0.034444444444444444,0.00135,0.08333333333333333,0.0011538461538461537,0.016,0.017857142857142856,0.0013333333333333333,,0.023809523809523808,0.02617021276595745,0.10260869565217391,,0.0,0.015,0.0045,0.013333333333333332,0.005454545454545454,0.010769230769230769,0.02618181818181818,0.013636363636363636,0.007818181818181818,0.0033333333333333335,0.027777777777777776,0.0
currant,0.13333333333333333,0.0,0.17411764705882352,0.06860000000000001,0.10923076923076921,0.3311111111111111,0.00425,0.0275,0.0028205128205128207,0.0792,0.15714285714285717,0.007333333333333333,,0.08571428571428572,0.16531914893617022,0.018695652173913044,,0.0,0.025,0.10125,0.10444444444444444,0.012727272727272726,0.06769230769230769,0.28,0.03363636363636364,0.01927272727272727,0.0044444444444444444,0.052222222222222225,0.0
curry,,,,0.0,,,,,0.0,,,,,,,0.0,,,,,,,,0.0,,,,,
dill,0.03916666666666667,,0.02,0.0096,0.04384615384615385,0.028888888888888888,,0.14,0.0055128205128205125,0.0128,0.03571428571428571,0.008,0.04,0.016904761904761905,0.023829787234042554,0.35130434782608694,,,,0.0068125,0.012777777777777779,,0.04153846153846154,0.007236363636363636,0.01,,0.0044444444444444444,0.023333333333333334,
dried fruit,0.05416666666666667,0.0,0.08588235294117647,0.045599999999999995,0.06692307692307692,0.24333333333333332,0.0052,0.0475,0.007948717948717949,0.0512,0.17142857142857143,0.10133333333333333,,0.05714285714285714,0.11297872340425531,0.01391304347826087,,0.0,0.025,0.063125,0.07222222222222223,0.016363636363636365,0.03,0.2858181818181818,0.025454545454545455,0.021454545454545455,0.027777777777777776,0.06111111111111111,0.0
duck,0.01916666666666667,0.0,0.018823529411764708,0.0072,0.010769230769230769,0.041111111111111105,0.0025499999999999997,0.0025,0.0016666666666666668,0.0072,0.02142857142857143,0.013333333333333334,,0.011904761904761904,0.01851063829787234,0.3095652173913043,,0.0,0.005,0.0149375,0.021666666666666667,0.023636363636363636,0.008461538461538461,0.22072727272727274,0.01909090909090909,0.0030909090909090908,0.008888888888888889,0.01,0.0
egg,,0.22083333333333335,0.08352941176470588,0.1946,0.923076923076923,,0.0,,0.0,,0.03214285714285715,,0.266,,0.031914893617021274,0.08478260869565217,,0.013333333333333334,,,0.08833333333333333,,0.026923076923076925,0.006436363636363637,0.09636363636363637,,,0.0,
egg nog,,,,0.0666,,,0.2085,,0.09615384615384616,,0.0,,,,,0.023478260869565216,,0.19333333333333333,,,0.0,,0.09615384615384616,0.06072727272727273,,,,0.0,
eggplant,0.22916666666666669,0.0,0.06235294117647059,0.085,0.09461538461538462,0.43,0.093,0.20666666666666667,0.1692307692307692,0.1336,0.14285714285714285,0.04133333333333333,,0.07142857142857142,0.05638297872340425,0.09521739130434782,,0.0,0.0925,0.096875,0.11555555555555556,0.13272727272727272,0.07461538461538461,0.03501818181818182,0.09727272727272727,0.02,0.0077777777777777776,0.08222222222222222,0.0
endive,0.06666666666666667,0.0,0.011764705882352941,0.025,0.05769230769230769,0.11,0.0024000000000000002,1.925,0.002564102564102564,0.0224,0.11071428571428572,0.029333333333333333,0.18,0.03571428571428571,0.06680851063829787,0.009565217391304347,,0.0,0.355,0.025,0.04611111111111111,0.0036363636363636364,0.04,0.012181818181818183,0.07181818181818182,0.030545454545454546,0.12,0.07222222222222222,0.0
escarole,,,,0.0236,,,0.0,,0.0,,0.125,,,,0.06765957446808511,0.010434782608695653,,0.0,,,,,0.036153846153846154,0.012836363636363635,,,,,
fennel,0.008333333333333333,0.0,0.039411764705882354,0.028399999999999998,0.026923076923076925,0.08333333333333333,0.047549999999999995,0.6191666666666666,0.04115384615384615,0.0456,0.125,0.06733333333333333,,0.04523809523809524,0.10042553191489362,0.08826086956521739,,0.006666666666666667,0.065,0.0433125,0.04666666666666666,0.014545454545454545,0.043076923076923075,0.030254545454545454,0.02090909090909091,0.02781818181818182,0.07222222222222222,0.1288888888888889,0.0
feta,,1.0416666666666667,,0.0,,,1.25,,0.3666666666666667,,,,,,,0.2952173913043478,,,,,,,,0.03890909090909091,,,,,
fish,0.09083333333333334,0.27083333333333337,0.11823529411764706,0.278,0.10153846153846154,0.03888888888888889,0.2015,0.0525,0.16794871794871793,0.1464,0.03928571428571429,0.08066666666666666,,0.07142857142857142,0.09191489361702128,0.12260869565217392,,0.19666666666666666,0.0425,0.128125,0.03888888888888889,0.42363636363636364,0.025384615384615384,0.037454545454545456,0.05181818181818181,0.12454545454545454,0.05,0.005555555555555556,0.04
fortified wine,0.04666666666666667,0.22500000000000003,0.03588235294117647,0.06559999999999999,0.10615384615384615,0.0011111111111111111,0.093,0.0025,0.041025641025641026,0.0808,0.0,0.0033333333333333335,,0.02857142857142857,0.031914893617021274,0.01652173913043478,,0.04,0.0,0.0065625,0.0,0.034545454545454546,0.09461538461538462,0.01698181818181818,0.03727272727272727,0.032363636363636365,0.035555555555555556,0.0,0.05500000000000001
fruit juice,,,,0.0,,,0.0,,0.0,,0.0,,,,0.03148936170212766,0.0008695652173913044,,0.0,,,0.017222222222222222,,0.006153846153846154,0.06,,,,0.0,
gin,0.005,0.0,0.0005882352941176471,0.0,0.003076923076923077,0.023333333333333334,0.0,0.0,0.0,0.0032,0.0,0.0,,0.0,0.000425531914893617,0.0004347826086956522,,0.0,0.0,0.0008125,0.0022222222222222222,0.0,0.0,0.0,0.0036363636363636364,0.0,0.0,0.0,0.0
ginger,,,,0.0,,,0.0,,0.16025641025641027,,0.0,,,,,0.10869565217391304,,0.0,,,,,,0.2727272727272727,,,,,
goat cheese,,,,0.5,,,1.0699999999999998,,0.4115384615384616,,0.0,,,,,0.2952173913043478,,0.32,,,0.0,,0.5492307692307692,0.0,,,,0.04777777777777777,
goose,0.0,0.0,0.0,0.0,0.0,,1.385,,1.2794871794871794,0.0,0.0,0.18000000000000002,0.0,0.0,0.0,0.0,,0.3333333333333333,0.0,0.0,0.0,0.0036363636363636364,0.0,0.0,0.0,,0.0,0.0,
gouda,,,,0.5,,,1.0699999999999998,,0.4115384615384616,,0.0,,,,,0.40391304347826085,,0.3566666666666667,,,0.0,,0.5492307692307692,0.0,,,,0.0,
grape,,,,0.0,,,,,0.0,,,,,,,0.0013043478260869566,,,,,,,,0.047999999999999994,,,,0.22555555555555556,
grapefruit,,,,0.0,,,,,0.0,,,,,,,0.0,,,,,,,,0.03927272727272728,,,,,
green bean,,,,0.0,,,0.0,,0.0,,0.060714285714285714,,,,,0.14,,0.0,,,0.016666666666666666,,0.013076923076923076,0.015018181818181818,,,,0.0,
green onion,0.04583333333333334,0.0,0.03588235294117647,0.0366,0.061538461538461535,0.09222222222222222,0.0016,1.725,0.002435897435897436,0.0296,0.09285714285714286,0.03666666666666667,,0.047619047619047616,0.05872340425531915,0.006956521739130435,,0.0,0.16,0.0328125,0.08222222222222222,0.010909090909090908,0.055384615384615386,0.02669090909090909,0.035454545454545454,0.010363636363636365,0.05555555555555555,0.2088888888888889,0.0
ground beef,,,,0.392,,,0.20099999999999998,,0.1258974358974359,,0.0,,,,,0.029130434782608697,,0.22333333333333333,,,0.1338888888888889,,0.0,0.0,,,,0.0,
guava,,,,0.012,,,0.002,,0.002564102564102564,,0.18571428571428572,,,,0.05914893617021277,0.004347826086956522,,0.0,,,0.030555555555555558,,0.015384615384615385,0.04072727272727272,,,,,
halibut,,,,0.41200000000000003,,,0.0,,0.022564102564102566,,0.0,,,,,0.023043478260869565,,0.11666666666666667,,,0.05888888888888889,,0.018461538461538463,0.0,,,,0.0,
ham,,,,0.322,,,0.0,,0.03435897435897436,,,,,,,0.3882608695652174,,0.15,,,0.035555555555555556,,,0.025963636363636362,,,,0.1788888888888889,
hazelnut,,,,0.1464,,,0.8550000000000001,,0.4064102564102564,,0.08571428571428572,,,,,0.03173913043478261,,0.04,,,0.24388888888888888,,0.1123076923076923,0.20400000000000001,,,,0.0,
honey,0.0,0.0,0.01411764705882353,0.006,0.02923076923076923,0.039999999999999994,0.0,0.0,0.0,0.0032,0.0071428571428571435,0.0,0.013600000000000001,0.004761904761904762,0.011063829787234043,0.0017391304347826088,,0.0,0.005,0.0075625,0.02333333333333333,0.014545454545454545,0.004615384615384616,0.29963636363636365,0.02,0.004,0.0,0.005555555555555556,0.0
honeydew,0.03166666666666667,0.0,0.05176470588235294,0.0108,0.00923076923076923,0.026666666666666665,0.0019,0.024166666666666666,0.001794871794871795,0.0088,0.028571428571428574,0.0013333333333333333,,0.023809523809523808,0.04851063829787234,0.00782608695652174,,0.0,0.0475,0.026125,0.009444444444444445,0.012727272727272726,0.004615384615384616,0.033054545454545455,0.00818181818181818,0.013818181818181818,0.0033333333333333335,0.2,0.0
horseradish,0.006666666666666667,0.0,0.04294117647058823,0.0236,0.01846153846153846,0.06444444444444444,0.0045,0.010833333333333334,0.008846153846153846,0.0248,0.11785714285714285,0.0006666666666666666,,0.06428571428571428,0.0523404255319149,0.1826086956521739,,0.0,0.1425,0.024125,0.02333333333333333,0.050909090909090904,0.043076923076923075,0.041090909090909095,0.07545454545454545,0.011818181818181818,0.0,0.27666666666666667,0.0
hot pepper,,,,0.428,,,1.0699999999999998,,0.32051282051282054,,0.0,,,,,0.4956521739130435,,0.3566666666666667,,,0.0,,0.4123076923076923,0.025963636363636362,,,,0.0,
jam,,,,0.0,,,,,0.0,,,,,,,0.0,,,,,,,,0.21818181818181817,,,,,
jerusalem artichoke,0.16666666666666669,0.0,0.045294117647058825,0.04,0.04615384615384615,0.15555555555555556,0.0,0.0008333333333333334,0.0001282051282051282,0.0624,0.05714285714285715,0.012666666666666666,0.0794,0.04047619047619048,0.09127659574468085,0.0017391304347826088,,0.0,0.0325,0.08125,0.18888888888888888,0.012727272727272726,0.010769230769230769,0.06327272727272727,0.010909090909090908,0.05454545454545454,0.0011111111111111111,0.044444444444444446,0.0
kale,0.0,,0.15588235294117647,0.0708,0.0923076923076923,0.29444444444444445,0.0,6.9,0.011282051282051283,0.0424,0.0642857142857143,,,0.08333333333333333,0.09510638297872341,0.019130434782608695,,0.0,,0.06625,0.08833333333333333,,0.10230769230769231,0.03538181818181818,,,,1.3555555555555556,
kumquat,0.030833333333333334,0.0,0.021176470588235293,0.037599999999999995,0.06923076923076922,0.10555555555555556,0.00515,0.0,0.011025641025641025,0.0152,0.23214285714285715,0.01,,0.047619047619047616,0.03957446808510638,0.004347826086956522,,0.0,0.0425,0.0268125,0.04777777777777778,0.0,0.047692307692307694,0.05781818181818182,0.015454545454545455,0.015272727272727273,0.016666666666666666,0.48777777777777775,0.0
lamb,0.049166666666666664,0.675,0.07764705882352942,0.406,0.13538461538461538,0.09999999999999999,0.2425,,0.158974358974359,0.1248,0.0,0.016,0.0312,0.04285714285714286,0.05978723404255319,0.024782608695652172,,0.21,,0.313125,0.05777777777777778,0.08545454545454546,0.003076923076923077,0.0,0.25,,0.008888888888888889,0.0,0.0
lamb shank,0.08333333333333334,0.8374999999999999,0.05529411764705883,0.402,0.07384615384615384,0.08777777777777777,0.231,,0.14615384615384616,0.1256,0.0,0.018000000000000002,0.0866,0.04523809523809524,0.060851063829787236,0.03304347826086956,,0.22,,0.255625,0.07111111111111111,0.11636363636363636,0.005384615384615384,0.00032727272727272726,0.3527272727272727,,0.008888888888888889,0.0,0.0
leek,0.04666666666666667,0.0,0.1388235294117647,0.031400000000000004,0.023076923076923075,0.1388888888888889,0.04085,0.42833333333333334,0.038974358974358976,0.0296,0.06785714285714285,0.08466666666666667,,0.06904761904761905,0.04,0.06608695652173913,,0.006666666666666667,0.1425,0.02475,0.12166666666666666,0.02,0.047692307692307694,0.05345454545454545,0.011818181818181818,0.018363636363636363,0.10444444444444445,0.11777777777777777,0.0
lemon,,,,0.0,,,0.1665,,0.38461538461538464,,0.0,,,,,0.34782608695652173,,0.0,,,0.0,,0.0,0.024254545454545456,,,,0.044444444444444446,
lemon juice,,,,0.0,,,0.0,,0.0,,,,,,,0.0,,0.0,,,,,,0.0,,,,0.26666666666666666,
lentil,0.05833333333333334,0.004166666666666667,0.07647058823529412,0.07339999999999999,0.04461538461538462,0.16999999999999998,0.065,0.07833333333333334,0.07192307692307692,0.0624,0.12142857142857143,0.07266666666666667,,0.05476190476190476,0.062127659574468086,0.16652173913043478,,0.0,0.155,0.049375,0.08,0.02727272727272727,0.019230769230769232,0.04472727272727273,0.053636363636363635,0.03472727272727273,0.04,0.08222222222222222,0.0
lettuce,0.04666666666666667,0.0,0.03882352941176471,0.0226,0.040769230769230766,0.03,0.00095,0.6266666666666667,0.001794871794871795,0.0192,0.04285714285714286,0.013333333333333334,,0.023809523809523808,0.03574468085106383,0.00826086956521739,,0.0,0.085,0.0155625,0.035555555555555556,0.007272727272727273,0.02076923076923077,0.010618181818181818,0.014545454545454545,0.018545454545454546,0.22,0.06666666666666667,0.0
lima bean,0.11833333333333333,0.0,0.08352941176470588,0.145,0.03769230769230769,0.24222222222222223,0.0486,0.07916666666666666,0.08794871794871795,0.0824,0.23214285714285715,0.062000000000000006,,0.09523809523809523,0.10042553191489362,0.09478260869565218,,0.0,0.1825,0.02325,0.12388888888888888,0.07636363636363637,0.012307692307692308,0.07054545454545454,0.08,0.05490909090909091,0.0,0.0,0.0
lime,0.07583333333333334,0.17916666666666667,0.07588235294117647,0.1764,0.2223076923076923,0.21666666666666667,0.1325,0.005833333333333333,0.18717948717948718,0.1248,0.04642857142857143,0.056,,0.05476190476190476,0.0325531914893617,0.03782608695652174,,0.7533333333333333,0.0625,0.0123125,0.07833333333333332,0.3527272727272727,0.03538461538461538,0.1447272727272727,0.12272727272727274,0.27090909090909093,0.10888888888888888,0.05555555555555555,0.06
lime juice,0.020833333333333336,0.0,0.02235294117647059,0.0084,0.011538461538461537,0.03,0.0004,0.005,0.0008974358974358975,0.0112,0.014285714285714287,0.014666666666666666,0.0246,0.01904761904761905,0.024893617021276595,0.0008695652173913044,,0.0,0.025,0.008875,0.005,0.0018181818181818182,0.010769230769230769,0.03061818181818182,0.007272727272727273,0.009272727272727273,0.0022222222222222222,0.3333333333333333,0.0
liqueur,0.0,0.0,0.0,0.0,0.0,0.08888888888888889,0.0007,0.0,0.003846153846153846,0.0,0.0,0.0,,0.0,0.0,0.002173913043478261,,0.0,0.0,0.0001875,0.003888888888888889,0.007272727272727273,0.0,0.15127272727272728,0.0036363636363636364,0.0,0.0,0.0,0.0
lobster,0.035,0.33333333333333337,0.05411764705882353,0.23199999999999998,0.12846153846153846,0.8044444444444444,0.55,0.014166666666666666,0.2576923076923077,0.1328,0.0035714285714285718,0.05533333333333333,,0.06190476190476191,0.04297872340425532,0.20695652173913043,,0.57,0.0425,0.063125,0.021666666666666667,0.7236363636363636,0.08538461538461538,0.015054545454545454,0.1990909090909091,0.14363636363636365,0.16333333333333333,0.003333333333333333,0.05
macadamia nut,1.0,0.0,0.16176470588235295,0.1582,0.12461538461538461,0.84,0.605,,0.9717948717948718,0.1504,0.3071428571428571,0.036000000000000004,0.1516,0.30952380952380953,0.07829787234042553,0.002173913043478261,,0.0,0.0275,0.154375,0.205,0.06545454545454546,0.06538461538461539,0.05018181818181818,0.11818181818181818,,0.0,0.013333333333333332,0.0
mango,,,,0.014199999999999999,,,0.0,,0.0,,0.075,,,,,0.0,,0.0,,,0.10722222222222222,,0.010769230769230769,0.062181818181818185,,,,0.3333333333333333,
maple syrup,,,,0.0,,,0.0,,0.0,,0.0,,,0.11190476190476191,0.062127659574468086,0.15956521739130436,,0.0,,,0.1,,0.07692307692307693,0.3210909090909091,,,,0.0,
marsala,,,,0.0,,,0.7150000000000001,,0.7320512820512821,,0.0,,,,,0.7652173913043478,,0.0,,,0.0,,0.0,0.0,,,,0.0,
marshmallow,0.0008333333333333334,0.0,0.0017647058823529412,0.036000000000000004,0.0007692307692307692,0.10777777777777778,0.0028,0.0,0.002564102564102564,0.0064,0.0035714285714285718,0.0,,0.004761904761904762,0.0010638297872340426,0.034782608695652174,,0.0,0.0025,0.004875,0.012777777777777779,0.030909090909090907,0.002307692307692308,0.29563636363636364,0.0036363636363636364,0.00018181818181818183,0.0,0.0,0.0
mayonnaise,,,,0.0,,,0.5349999999999999,,1.0076923076923077,,0.0,,,,0.0014893617021276596,0.21739130434782608,,0.12,,,0.0,,0.010769230769230769,0.0,,,,,
meat,,,,0.358,,,0.20099999999999998,,0.14871794871794872,,0.0,,,,,0.09695652173913044,,0.19333333333333333,,,0.035555555555555556,,0.013846153846153847,0.0,,,,0.0,
melon,0.0125,0.0,0.09588235294117647,0.0222,0.023846153846153847,0.06666666666666667,0.00125,0.020833333333333332,0.001282051282051282,0.004,0.03214285714285715,0.0033333333333333335,,0.02619047619047619,0.03872340425531915,0.00391304347826087,,0.0,0.02,0.0145,0.01888888888888889,0.007272727272727273,0.008461538461538461,0.023927272727272728,0.006363636363636364,0.013818181818181818,0.0,0.24222222222222223,0.0
milk,,,,0.0678,,,0.0635,,0.02717948717948718,,0.0,,,,,0.02391304347826087,,0.02666666666666667,,,0.0,,0.09769230769230769,0.018472727272727273,,,,0.011111111111111112,
mint,,,,0.0,,,,,0.0,,,,,,,0.0,,,,,,,,0.38181818181818183,,,,,
molasses,0.03416666666666667,0.0,0.3941176470588236,0.0,0.0015384615384615385,0.5411111111111111,0.0009,0.0,0.001282051282051282,0.0248,0.0,0.0,,0.5761904761904761,0.31063829787234043,0.01608695652173913,,0.0,0.0,0.058125,0.2622222222222222,0.32363636363636367,0.1576923076923077,0.2716363636363636,0.026363636363636363,0.024181818181818183,0.0,0.0,0.0
mozzarella,,,,0.428,,,0.7150000000000001,,0.32051282051282054,,0.0,,,,,0.07782608695652174,,0.23666666666666666,,,0.0,,0.4123076923076923,0.012981818181818181,,,,0.0,
mussel,0.13333333333333333,5.0,0.029411764705882356,0.23800000000000002,0.16153846153846152,0.10444444444444444,0.021249999999999998,0.0008333333333333334,0.02871794871794872,0.1576,0.0,0.03666666666666667,,0.08095238095238096,0.06808510638297872,0.12434782608695652,,0.09333333333333334,0.105,0.1,0.21944444444444444,0.8145454545454545,0.02,0.013418181818181819,0.14545454545454548,0.11818181818181818,0.05333333333333334,0.08888888888888889,0.0
mustard,0.1575,0.0,0.040588235294117654,0.085,0.05076923076923077,0.08222222222222221,0.0126,0.0125,0.043333333333333335,0.0864,0.15357142857142855,0.02333333333333333,,0.11428571428571428,0.031914893617021274,0.4782608695652174,,0.0,0.0175,0.0350625,0.08833333333333333,0.6181818181818182,0.04846153846153846,0.01927272727272727,0.05818181818181818,0.04072727272727272,0.0044444444444444444,0.0044444444444444444,0.0
mustard greens,,,,0.0706,,,0.0,,0.0,,0.125,,,,0.07510638297872341,0.010434782608695653,,0.0,,,0.06555555555555555,,0.08153846153846153,0.017127272727272727,,,,0.5233333333333333,
nectarine,0.028333333333333335,0.0,0.014705882352941178,0.0212,0.02076923076923077,0.09111111111111111,0.0,0.016666666666666666,0.00358974358974359,0.0208,0.05357142857142857,0.04066666666666666,,0.02142857142857143,0.027872340425531914,0.005652173913043478,,0.0,0.015,0.07,0.016666666666666666,0.0,0.0015384615384615385,0.03338181818181818,0.01909090909090909,0.011272727272727273,0.023333333333333334,0.03222222222222222,0.0
noodle,,,,0.064,,,,,0.06794871794871794,,0.049999999999999996,,,,,,,,,,,,,0.06909090909090909,,,,,
nut,0.3525,0.0,0.24529411764705883,0.364,0.04461538461538462,2.4444444444444446,0.389,0.2841666666666667,0.5615384615384615,0.4744,0.11785714285714285,0.060000000000000005,0.1728,0.6952380952380952,0.14042553191489363,0.0052173913043478265,,0.0,0.0625,0.06625,0.3711111111111111,0.3618181818181818,0.02846153846153846,0.10981818181818181,0.5254545454545455,,0.0,0.005555555555555556,0.0
oat,0.38333333333333336,0.0,0.05882352941176471,0.264,0.11923076923076922,0.43444444444444447,0.05550000000000001,0.016666666666666666,0.08358974358974358,0.328,0.3607142857142857,0.028,,0.32857142857142857,0.07702127659574468,0.0026086956521739132,,0.0,0.08,0.07,0.2361111111111111,0.5254545454545454,0.04,0.2461818181818182,0.33090909090909093,0.07345454545454545,0.0,0.0,0.0
olive,0.006666666666666667,0.0,0.00823529411764706,0.0146,0.0015384615384615385,0.18,0.22549999999999998,0.11,0.38461538461538464,0.0024,0.0642857142857143,0.32266666666666666,,0.011904761904761904,0.003617021276595745,0.3630434782608696,,0.0,0.0025,0.005625,0.18888888888888888,0.012727272727272726,0.046153846153846156,0.015163636363636364,0.010909090909090908,0.017272727272727273,0.015555555555555555,0.0044444444444444444,0.0
omelet,0.0375,0.0,0.06117647058823529,0.0222,0.01846153846153846,0.07888888888888888,0.0019,0.07333333333333333,0.002948717948717949,0.024,0.05714285714285715,0.04,,0.030952380952380953,0.05914893617021277,0.0026086956521739132,,0.0,0.035,0.0398125,0.018333333333333333,0.0018181818181818182,0.010769230769230769,0.019927272727272727,0.01909090909090909,0.013454545454545455,0.04777777777777778,0.20222222222222222,0.0
onion,0.8333333333333334,,,0.218,0.2553846153846154,,0.0,,0.01,,0.08214285714285714,,,,,0.18695652173913044,,0.0,,0.293125,0.19555555555555557,,0.012307692307692308,0.216,,,,0.0,
orange,,,,0.09519999999999999,,,,,0.0,,,,,,,0.1656521739130435,,,,,,,,0.3290909090909091,,,,,
orange juice,0.0,,0.021176470588235293,0.0134,0.011538461538461537,,0.0,,0.0,,,,,0.02142857142857143,0.04021276595744681,0.003043478260869565,,0.0,,0.011125,,,0.006923076923076923,0.041090909090909095,,,,0.28111111111111114,
oyster,0.12333333333333334,0.8125,0.04176470588235294,0.0992,0.08692307692307692,0.8066666666666666,0.10700000000000001,0.2708333333333333,0.13846153846153847,0.0536,0.04285714285714286,0.08933333333333333,,0.04285714285714286,0.02893617021276596,0.2217391304347826,,0.03333333333333333,0.115,0.115,0.13555555555555554,0.2290909090909091,0.07384615384615385,0.0669090909090909,0.9090909090909091,0.044,0.1111111111111111,0.02,0.02
pancake,0.21833333333333335,0.0,0.05176470588235294,0.081,0.019230769230769232,0.13666666666666666,0.0050999999999999995,0.0008333333333333334,0.004871794871794872,0.0496,0.024999999999999998,0.004,,0.03571428571428571,0.013191489361702127,0.002173913043478261,,0.0,0.385,0.14875,0.1288888888888889,0.15636363636363634,0.013076923076923076,0.1650909090909091,0.056363636363636366,0.005999999999999999,0.0,0.0,0.0
papaya,,,,0.05,,,0.0,,0.0,,0.35714285714285715,,,,,0.00782608695652174,,0.0,,,0.0,,0.11538461538461539,0.23636363636363636,,,,0.06666666666666667,
parmesan,0.021666666666666667,0.5833333333333334,0.04764705882352942,0.568,0.27538461538461534,0.044444444444444446,0.77,0.014166666666666666,0.3564102564102564,0.5016,0.0,0.035333333333333335,0.09,0.08095238095238096,0.03829787234042553,0.782608695652174,,0.2866666666666667,0.015,0.005,0.02722222222222222,0.6254545454545454,0.6561538461538462,0.050545454545454546,0.38181818181818183,0.025636363636363634,0.2911111111111111,0.0,0.025
parsley,,,,0.0,,,,,0.0,,,,,,,0.0,,,,,,,,0.0,,,,,
parsnip,0.06666666666666667,0.0,0.06235294117647059,0.0258,0.038461538461538464,0.1488888888888889,0.03845,0.0275,0.03628205128205128,0.0536,0.125,0.084,,0.06666666666666667,0.07574468085106383,0.057391304347826085,,0.006666666666666667,0.14,0.0438125,0.031111111111111114,0.030909090909090907,0.027692307692307693,0.06,0.022727272727272728,0.047999999999999994,0.012222222222222223,0.13999999999999999,0.0
passion fruit,,,,0.0222,,,0.0,,0.0,,0.0,,,,,0.0026086956521739132,,0.0,,,0.06666666666666667,,0.0,0.024254545454545456,,,,0.37,
pasta,0.8333333333333334,,,0.25,0.23384615384615384,,0.0,,0.02294871794871795,,0.1285714285714286,,,,,0.0,,0.0,,0.335,0.17833333333333334,,0.0,0.2858181818181818,,,,0.0,
pea,0.5116666666666667,0.0,0.3223529411764706,0.282,0.24153846153846154,0.49333333333333335,0.2645,0.41916666666666663,0.18076923076923077,0.216,0.1357142857142857,0.154,,0.24285714285714285,0.15574468085106383,0.13043478260869565,,0.0,0.345,0.31625,0.2111111111111111,0.13090909090909092,0.09461538461538462,0.22618181818181818,0.3009090909090909,0.10527272727272727,0.08555555555555555,0.0,0.0
peach,0.0,,,0.0888,0.11615384615384615,,0.22200000000000003,,0.2846153846153846,,0.07857142857142858,,,,,0.14956521739130435,,0.22333333333333333,,0.11125,0.08888888888888889,,0.016923076923076923,0.1938181818181818,,,,0.058888888888888886,
peanut,,,,0.1818,,,0.53,,0.35000000000000003,,0.10714285714285714,,,,,0.01956521739130435,,0.05,,,0.06055555555555556,,0.04692307692307692,0.22036363636363637,,,,0.04,
peanut butter,0.11500000000000002,0.0,0.2611764705882353,0.45,0.14692307692307693,0.4666666666666666,0.505,0.0025,0.6551282051282051,0.2712,0.17142857142857143,0.6073333333333333,,0.4023809523809524,0.12,0.1865217391304348,,0.0,0.215,0.83125,0.0961111111111111,0.07454545454545454,0.03769230769230769,0.08109090909090909,0.23090909090909092,0.11454545454545455,0.0,0.0,0.0
pear,0.01,0.0,0.017058823529411765,0.0072,0.019999999999999997,0.09111111111111111,0.0010999999999999998,0.03666666666666667,0.001794871794871795,0.0096,0.11071428571428572,0.008,,0.016666666666666666,0.02468085106382979,0.0004347826086956522,,0.0,0.0175,0.0100625,0.01,0.0018181818181818182,0.006923076923076923,0.05527272727272727,0.009090909090909092,0.009272727272727273,0.0011111111111111111,0.04777777777777777,0.0
pecan,0.16999999999999998,0.05,0.02235294117647059,0.09,0.06,0.20444444444444443,0.1325,0.12916666666666668,0.2141025641025641,0.0664,0.075,0.05333333333333334,,0.05238095238095238,0.02106382978723404,0.11956521739130435,,0.14,0.1075,0.081875,0.051666666666666666,0.12727272727272726,0.016923076923076923,0.21672727272727274,0.07909090909090909,0.09,0.056666666666666664,0.0,0.005
pepper,,,,0.0,,,0.0,,0.0,,1.1892857142857143,,,,,0.0,,0.0,,,1.6055555555555554,,0.33615384615384614,0.24254545454545456,,,,0.23333333333333334,
pine nut,0.30333333333333334,0.0,0.05529411764705883,0.27399999999999997,0.17461538461538462,1.4666666666666668,0.24500000000000002,0.44916666666666666,0.876923076923077,0.46,0.13214285714285715,0.622,,0.5976190476190476,0.1270212765957447,0.0008695652173913044,,0.0,0.085,0.274375,0.30722222222222223,0.012727272727272726,0.012307692307692308,0.047636363636363636,0.5863636363636364,0.10145454545454545,0.0011111111111111111,0.008888888888888889,0.0
pineapple,,,,0.0,,,0.0,,0.0,,0.15357142857142855,,,,,0.00782608695652174,,0.0,,,0.035555555555555556,,0.027692307692307693,0.2858181818181818,,,,0.0,
pistachio,0.0,,0.5882352941176471,0.4,,1.4777777777777779,0.3335,,0.5987179487179487,0.4,0.35714285714285715,,,0.47619047619047616,,0.16652173913043478,,0.0,,,0.26666666666666666,,0.10230769230769231,0.09709090909090909,,,,0.044444444444444446,
plantain,0.05416666666666667,0.0,0.2705882352941177,0.045599999999999995,0.030769230769230767,0.22,0.417,0.23833333333333334,0.3794871794871795,0.0624,0.125,0.336,,0.16904761904761906,0.1672340425531915,0.08782608695652173,,0.0,0.0875,0.050125,0.05388888888888889,0.007272727272727273,0.006923076923076923,0.23199999999999998,0.03363636363636364,0.0,0.07666666666666666,0.3566666666666667,0.0
plum,0.014166666666666668,0.0,0.012352941176470589,0.0104,0.014615384615384615,0.04555555555555556,0.00065,0.04,0.002948717948717949,0.0096,0.03571428571428571,0.013333333333333334,,0.011904761904761904,0.0225531914893617,0.0004347826086956522,,0.0,0.005,0.0175625,0.007222222222222223,0.0,0.0038461538461538464,0.04909090909090909,0.007272727272727273,0.002545454545454545,0.012222222222222223,0.06333333333333334,0.0
poblano,0.0475,0.0,0.13176470588235295,0.0172,0.021538461538461538,0.07333333333333333,0.0029000000000000002,0.06166666666666667,0.00217948717948718,0.016,0.060714285714285714,0.024666666666666667,,0.023809523809523808,0.03723404255319149,0.0013043478260869566,,0.0,0.025,0.03,0.01888888888888889,0.0,0.007692307692307693,0.016872727272727272,0.011818181818181818,0.01,0.02,0.8933333333333334,0.0
pomegranate,,,,0.0,,,0.0,,0.0,,0.0,,,,,0.006521739130434782,,0.0,,,,,0.006153846153846154,0.044,,,,0.06888888888888889,
poppy,0.02,0.0375,0.012941176470588235,0.0184,0.04461538461538462,0.03888888888888889,0.303,0.41833333333333333,0.4269230769230769,0.0392,0.010714285714285714,0.15733333333333333,,0.02142857142857143,0.01297872340425532,0.4056521739130435,,0.05,0.0075,0.0029375,0.013888888888888888,0.021818181818181816,0.045384615384615384,0.08618181818181818,0.022727272727272728,0.01090909090909091,0.056666666666666664,0.003333333333333333,0.005
pork,,,,0.424,,,0.11750000000000001,,0.052820512820512824,,0.0,,,,,0.09217391304347826,,0.25333333333333335,,,0.07055555555555555,,0.0,0.004290909090909091,,,,0.0,
pork chop,0.4708333333333333,0.26666666666666666,0.3282352941176471,0.5539999999999999,0.19153846153846152,0.07555555555555556,0.1635,0.0,0.1346153846153846,0.2208,0.0,0.013333333333333334,,0.07380952380952381,0.09765957446808511,0.2234782608695652,,0.28,0.0,0.5125,0.027777777777777776,0.8672727272727273,0.006153846153846154,0.0,0.17454545454545453,0.13563636363636364,0.0011111111111111111,0.0,0.025
pork rib,0.3125,0.4166666666666667,0.3170588235294118,0.386,0.1946153846153846,0.08666666666666667,0.11850000000000001,0.0,0.1512820512820513,0.1544,0.0,0.015333333333333334,0.322,0.05,0.06765957446808511,0.027391304347826086,,0.24666666666666667,0.0,0.1925,0.04722222222222222,0.5872727272727272,0.016923076923076923,0.0,0.2527272727272727,0.14800000000000002,0.0022222222222222222,0.0,0.034999999999999996
pork tenderloin,,,,0.358,,,0.0445,,0.028589743589743588,,,,,,,0.13217391304347825,,0.18,,,,,,0.009745454545454547,,,,0.012222222222222223,
potato,0.08,0.10833333333333334,0.06352941176470589,0.07780000000000001,0.11615384615384615,0.03111111111111111,0.156,0.07583333333333334,0.14358974358974358,0.0632,0.05357142857142857,0.07333333333333333,,0.030952380952380953,0.046595744680851064,0.09608695652173913,,0.22666666666666666,0.0525,0.0603125,0.04,0.1290909090909091,0.026153846153846153,0.04872727272727273,0.04090909090909091,0.08818181818181818,0.06777777777777778,0.005555555555555556,0.02
poultry,0.02,0.0,0.014705882352941178,0.014199999999999999,0.040769230769230766,0.021111111111111112,0.03195,0.005,0.03358974358974359,0.016,0.0035714285714285718,0.006666666666666667,,0.007142857142857143,0.008936170212765958,0.1691304347826087,,0.016666666666666666,0.005,0.0178125,0.005,0.007272727272727273,0.007692307692307693,0.019236363636363635,0.007272727272727273,0.006727272727272728,0.0011111111111111111,0.0,0.0
pressure cooker,0.0,0.0,0.0,0.0196,0.0,0.026666666666666665,0.945,0.04583333333333333,0.2858974358974359,0.0144,0.0,0.056666666666666664,0.0,0.002380952380952381,0.004042553191489362,0.026956521739130435,,0.0,0.0,0.0,0.0011111111111111111,0.02727272727272727,0.0038461538461538464,0.05854545454545455,0.0009090909090909091,0.0,0.0044444444444444444,0.0,0.0
prosciutto,,,,,,,0.1785,,0.13717948717948716,,0.0,,,,0.0,0.8869565217391304,,0.12,,,0.07944444444444444,,0.0,0.0,,,,,
prune,0.03333333333333333,,,0.042,,,0.0008,,0.002564102564102564,0.0576,0.11785714285714285,,0.086,,0.18127659574468086,0.01,,0.0,,0.15625,0.15555555555555556,,0.023846153846153847,0.2367272727272727,,,0.1111111111111111,0.04777777777777777,
pumpkin,,,,0.0334,,,0.0,,0.0,,0.08928571428571429,,,,,0.0034782608695652175,,0.0,,,0.03333333333333333,,0.025384615384615384,0.033345454545454546,,,,0.044444444444444446,
quail,0.1825,0.15,0.36294117647058827,0.5,0.22999999999999998,0.6555555555555556,0.197,0.035,0.1794871794871795,0.2224,0.0,0.04666666666666666,,0.05238095238095238,0.045744680851063826,0.09304347826086956,,0.2866666666666667,0.015,0.493125,0.245,0.39454545454545453,0.011538461538461539,0.0,0.2809090909090909,0.11927272727272727,0.07777777777777778,0.025555555555555554,0.01
quinoa,,,,0.0572,,,0.018,,0.02294871794871795,,0.075,,,,,0.06826086956521739,,0.0,,,0.042777777777777776,,0.010769230769230769,0.07272727272727272,,,,0.03777777777777778,
rack of lamb,0.051666666666666666,0.4291666666666667,0.13941176470588235,0.39799999999999996,0.1323076923076923,0.11222222222222222,0.215,,0.12769230769230772,0.1488,0.0,0.02333333333333333,0.11679999999999999,0.05238095238095238,0.06893617021276596,0.026956521739130435,,0.20666666666666667,,0.31375,0.07555555555555556,0.050909090909090904,0.006153846153846154,0.00018181818181818183,0.19727272727272727,,0.0077777777777777776,0.0,0.005
radicchio,,,,0.04,,0.8444444444444444,0.0,1.4166666666666667,0.0,0.044,0.10714285714285714,,,0.02857142857142857,0.029787234042553193,0.01956521739130435,,0.0,,,0.02,,0.015384615384615385,0.014545454545454545,0.08181818181818182,,,0.06666666666666667,
radish,0.01,0.0,0.04176470588235294,0.013600000000000001,0.03,0.05555555555555556,0.0016,0.010833333333333334,0.001282051282051282,0.016,0.05714285714285715,0.0,,0.023809523809523808,0.049574468085106384,0.016956521739130436,,0.0,0.0625,0.015875,0.01888888888888889,0.010909090909090908,0.019230769230769232,0.012363636363636363,0.025454545454545455,0.011818181818181818,0.0,0.16444444444444445,0.0
raisin,0.0,,,0.204,0.22153846153846152,,0.0,,0.05435897435897436,,0.12142857142857143,,,,,0.15478260869565216,,0.0,,0.211875,0.16944444444444443,,0.026153846153846153,0.19090909090909092,,,,0.06777777777777777,
raspberry,,,,0.0,,,,,0.0,,,,,,0.0274468085106383,0.0034782608695652175,,,,,,,,0.048363636363636366,,,,0.005555555555555556,
red wine,0.004166666666666667,0.0,0.033529411764705884,0.0014000000000000002,0.023846153846153847,0.012222222222222221,0.0,0.0033333333333333335,0.0,0.0184,0.0,0.0,,0.02857142857142857,0.02702127659574468,0.0017391304347826088,,0.0,0.0025,0.014,0.025555555555555557,0.0036363636363636364,0.006153846153846154,0.00949090909090909,0.012727272727272728,0.010363636363636365,0.0,0.0,0.0
rice,,,,0.0694,,,0.0,,0.031153846153846157,,0.049999999999999996,,,,,0.20217391304347826,,0.0,,,0.10444444444444444,,0.021538461538461538,0.09599999999999999,,,,0.027777777777777776,
ricotta,0.02666666666666667,0.22500000000000003,0.03529411764705882,0.192,0.19692307692307692,0.01888888888888889,0.2975,0.005,0.12128205128205129,0.1376,0.0,0.011333333333333334,,0.04047619047619048,0.03787234042553191,0.04434782608695652,,0.13333333333333333,0.02,0.0076875,0.015000000000000001,0.2018181818181818,0.19076923076923077,0.02181818181818182,0.08636363636363636,0.030727272727272725,0.13,0.0,0.01
rum,0.005,0.0,0.0005882352941176471,0.0,0.003076923076923077,0.023333333333333334,0.0,0.0,0.0,0.0032,0.0,0.0,,0.0,0.000425531914893617,0.0004347826086956522,,0.0,0.0,0.0008125,0.0022222222222222222,0.0,0.0,0.0,0.0036363636363636364,0.0,0.0,0.0,0.0
rutabaga,,,,0.02,,,0.0,,0.0,,0.10714285714285714,,,,,0.0013043478260869566,,0.0,,,0.02,,0.03076923076923077,0.02909090909090909,,,,0.2733333333333334,
rye,,,,0.1396,,,0.057999999999999996,,0.029871794871794873,,0.20714285714285713,,,,,0.28304347826086956,,0.0,,,0.1627777777777778,,0.05384615384615385,0.17745454545454545,,,,0.0,
salad,,,,0.0526,,,0.08199999999999999,,0.059102564102564106,,0.09285714285714286,,,,,0.07739130434782608,,0.0,,,0.05277777777777778,,0.05076923076923077,0.09818181818181818,,,,0.4388888888888889,
salmon,,,,0.39,,,0.022,,0.045384615384615384,,0.0,,,,,0.028695652173913042,,0.17666666666666667,,,0.017777777777777778,,0.013846153846153847,0.0,,,,0.012222222222222223,
sausage,,,,0.214,,,0.2665,,0.2217948717948718,,0.04642857142857143,,,,,0.8739130434782608,,0.13333333333333333,,,0.2,,0.02076923076923077,0.04363636363636364,,,,0.017777777777777778,
scallop,0.11416666666666668,0.020833333333333336,0.05647058823529412,0.054000000000000006,0.05230769230769231,0.10111111111111111,0.135,0.06749999999999999,0.06307692307692307,0.0384,0.06785714285714285,0.03933333333333333,,0.04047619047619048,0.05382978723404255,0.09391304347826086,,0.03666666666666667,0.0675,0.08,0.049444444444444444,0.061818181818181814,0.02846153846153846,0.05127272727272727,0.03272727272727272,0.016181818181818183,0.07555555555555556,0.13555555555555554,0.0
scotch,0.005,0.0,0.0005882352941176471,0.0,0.003076923076923077,0.023333333333333334,0.0,0.0,0.0,0.0032,0.0,0.0,,0.0,0.000425531914893617,0.0004347826086956522,,0.0,0.0,0.0008125,0.0022222222222222222,0.0,0.0,0.0,0.0036363636363636364,0.0,0.0,0.0,0.0
seafood,0.10583333333333333,0.5166666666666667,0.06352941176470589,0.1606,0.06384615384615384,0.08666666666666667,0.048,0.0325,0.06115384615384615,0.0696,0.028571428571428574,0.048,,0.03333333333333333,0.023829787234042554,0.2647826086956522,,0.08333333333333333,0.1225,0.1425,0.06722222222222222,0.20363636363636362,0.013846153846153847,0.05963636363636363,0.06272727272727273,0.04290909090909091,0.027777777777777776,0.1088888888888889,0.0
sesame,0.0,0.0,0.0,0.062,0.0,0.0,0.31,0.4666666666666667,0.5794871794871795,0.0296,0.03571428571428571,0.3333333333333333,,0.0,0.03340425531914894,0.43478260869565216,,0.0,0.0,0.0,0.03333333333333333,0.02909090909090909,0.014615384615384615,0.03127272727272727,0.009090909090909092,0.007272727272727273,0.0022222222222222222,0.0,0.0
shellfish,0.1391666666666667,0.6958333333333333,0.045294117647058825,0.1316,0.0776923076923077,0.13,0.039650000000000005,0.043333333333333335,0.06461538461538462,0.08,0.03928571428571429,0.08266666666666667,,0.05238095238095238,0.038085106382978726,0.10391304347826087,,0.12,0.1975,0.105625,0.07444444444444445,0.38181818181818183,0.01769230769230769,0.05709090909090909,0.056363636363636366,0.06618181818181817,0.03222222222222222,0.024444444444444446,0.005
sherry,,,,0.0,,,0.0,,0.0,,0.0,,,,,0.0,,0.0,,,,,,0.0,,,,,
shrimp,,,,0.23600000000000002,,,0.0,,0.0,,0.0,,,,,0.21478260869565216,,0.37333333333333335,,,0.02333333333333333,,0.054615384615384614,0.0,,,,0.0,
snapper,,,,0.41200000000000003,,,0.0,,0.018846153846153846,,0.0,,,,0.08872340425531915,0.02826086956521739,,0.12666666666666668,,,0.0,,0.024615384615384615,0.0,,,,,
soup,,,,0.0256,,,0.128,,0.07397435897435897,,0.04642857142857143,,,,,0.13782608695652174,,0.04666666666666667,,,0.04833333333333333,,0.024615384615384615,0.018654545454545455,,,,0.10666666666666666,
sour cream,,,,0.0666,,,0.585,,0.2141025641025641,,0.0,,,,0.03893617021276596,0.021739130434782608,,0.22333333333333333,,,0.0,,0.10230769230769231,0.024254545454545456,,,,0.0,
soy,0.2775,0.0,0.30176470588235293,0.53,0.2684615384615384,2.7333333333333334,0.05500000000000001,0.09916666666666667,0.09423076923076923,0.0056,0.125,0.06733333333333333,,0.40476190476190477,0.0014893617021276596,0.3660869565217391,,0.0,0.6,0.18625,0.2888888888888889,0.22,0.13153846153846155,0.19345454545454546,0.13636363636363635,0.2018181818181818,0.0,0.0,0.0
soy sauce,0.027500000000000004,0.0,0.08705882352941176,0.1628,0.12692307692307692,0.04777777777777777,0.0036499999999999996,0.0,0.007307692307692307,0.1328,0.028571428571428574,0.0,,0.1761904761904762,0.0925531914893617,2.3869565217391306,,0.0,0.035,0.1375,0.08055555555555555,0.00909090909090909,0.025384615384615384,0.017927272727272726,0.07909090909090909,0.03327272727272727,0.0,0.0,0.0
sparkling wine,0.0,0.0,0.0,0.01,0.0,0.009999999999999998,0.0,0.0,0.0,0.0048,0.0,0.0,,0.014285714285714285,0.005319148936170213,0.0008695652173913044,,0.0,0.0,0.0,0.005555555555555556,0.025454545454545452,0.0038461538461538464,0.01818181818181818,0.0018181818181818182,0.0,0.0,0.0,0.0
spinach,,,,0.047,,,0.0,4.033333333333333,0.0,,0.08571428571428572,,,,0.11893617021276595,0.03304347826086956,,0.0,,,0.13055555555555556,,0.07615384615384616,0.012836363636363635,,,,0.31333333333333335,
steak,,,,0.0,,,0.0,,0.0,,0.0,,,,,0.0,,0.0,,,0.0,,0.0,0.4036363636363636,,,,0.0,
strawberry,,,,0.014199999999999999,,,0.2835,,0.0726923076923077,,0.024999999999999998,,,,0.010638297872340425,0.004782608695652174,,0.0,,,0.014444444444444446,,0.0,0.04909090909090909,,,,,
sweet potato,,,,0.109,,,0.016,,0.01641025641025641,,0.06785714285714285,,,,,0.07521739130434782,,0.04666666666666667,,,0.03222222222222222,,0.02,0.05963636363636363,,,,0.05333333333333333,
swiss cheese,,,,0.522,,,0.8699999999999999,,0.33461538461538465,,0.0,,,,,0.08521739130434783,,0.29,,,0.0,,0.6692307692307692,0.015818181818181818,,,,0.0,
tangerine,,,,0.0,,,,,0.0,,,,,,,0.00608695652173913,,,,,,,,0.04945454545454545,,,,,
tea,,,,0.0,,,,,0.0,,,,,,,0.0008695652173913044,,,,,,,,0.030763636363636368,,,,,
tequila,0.005,0.0,0.0005882352941176471,0.0,0.003076923076923077,0.023333333333333334,0.0,0.0,0.0,0.0032,0.0,0.0,,0.0,0.000425531914893617,0.0004347826086956522,,0.0,0.0,0.0008125,0.0022222222222222222,0.0,0.0,0.0,0.0036363636363636364,0.0,0.0,0.0,0.0
tofu,,,,,,,,,,,,,,,,,,,,,,,,,,,,,
tomatillo,0.03666666666666667,0.0,0.03294117647058824,0.0192,0.026923076923076925,0.08777777777777777,0.0069500000000000004,0.08416666666666667,0.013076923076923078,0.0312,0.06785714285714285,0.025333333333333333,0.03,0.047619047619047616,0.05702127659574468,0.0004347826086956522,,0.0,0.0175,0.115625,0.034444444444444444,0.00909090909090909,0.005384615384615384,0.021236363636363637,0.02,0.013818181818181818,0.006666666666666667,0.13,0.0
tomato,,,,,,,,,,,,,,,,,,,,,,,,,,,,,
tortillas,,,,0.07139999999999999,,,0.0,,0.02294871794871795,,0.1285714285714286,,,,,0.0,,0.0,,,0.07166666666666667,,0.11,0.1429090909090909,,,,0.0,
tuna,,,,0.11320000000000001,,,0.0235,,0.04833333333333333,,0.03214285714285715,,,,,0.19260869565217392,,0.016666666666666666,,,0.03777777777777778,,0.02923076923076923,0.03781818181818182,,,,0.06333333333333334,
turkey,,,,0.195,,,0.020999999999999998,,0.016282051282051284,,0.04642857142857143,,,,,0.22652173913043477,,0.11333333333333333,,,0.06333333333333332,,0.03230769230769231,0.024654545454545457,,,,0.0,
turnip,0.03666666666666667,0.0,0.04352941176470588,0.0492,0.06769230769230769,0.056666666666666664,0.0016,,0.002435897435897436,0.0192,0.08571428571428572,,0.0246,0.04285714285714286,0.017446808510638297,0.00782608695652174,,0.0,0.1025,0.02425,0.09055555555555556,0.016363636363636365,0.0876923076923077,0.012327272727272728,0.014545454545454545,,0.3388888888888889,0.2866666666666667,0.0
vanilla,0.011666666666666667,0.03333333333333333,0.005294117647058823,0.021,0.056923076923076917,0.0044444444444444444,0.16899999999999998,0.004166666666666667,0.06987179487179487,0.024,0.0,0.009333333333333334,,0.007142857142857143,0.010425531914893617,0.02043478260869565,,0.05,0.0025,0.002375,0.0011111111111111111,0.030909090909090907,0.02923076923076923,0.2989090909090909,0.013636363636363636,0.009636363636363636,0.051111111111111114,0.0,0.0
veal,0.07333333333333333,0.275,0.1123529411764706,0.33399999999999996,0.20076923076923078,0.1388888888888889,0.1955,0.16333333333333336,0.10974358974358975,0.1224,0.014285714285714287,0.043333333333333335,,0.05,0.060851063829787236,0.06260869565217392,,0.22666666666666666,0.0675,0.39625,0.059444444444444446,0.18181818181818182,0.006923076923076923,0.02370909090909091,0.16636363636363638,0.11781818181818181,0.043333333333333335,0.015555555555555555,0.0
venison,0.095,0.8875,0.20117647058823532,0.51,0.3638461538461538,0.22666666666666666,0.0875,0.01,0.04525641025641025,0.1504,0.0,0.03666666666666667,,0.047619047619047616,0.049148936170212765,0.15,,0.26666666666666666,0.02,0.32875,0.19555555555555557,0.22545454545454546,0.005384615384615384,0.005745454545454546,0.5490909090909091,0.17181818181818181,0.0,0.0,0.0
vinegar,0.0,0.0,0.0,0.0,0.0,0.008888888888888889,0.0,0.0,0.0,0.0064,0.0,0.0,,0.011904761904761904,0.015531914893617021,0.002173913043478261,,0.0,0.0,0.0,0.011111111111111112,0.0018181818181818182,0.005384615384615384,0.003381818181818182,0.0036363636363636364,0.0,0.0,0.0,0.0
vodka,0.005,0.0,0.0005882352941176471,0.0,0.003076923076923077,0.023333333333333334,0.0,0.0,0.0,0.0032,0.0,0.0,,0.0,0.000425531914893617,0.0004347826086956522,,0.0,0.0,0.0008125,0.0022222222222222222,0.0,0.0,0.0,0.0036363636363636364,0.0,0.0,0.0,0.0
walnut,,,,0.20600000000000002,,,0.605,,0.4858974358974359,,0.24642857142857144,,,,,0.022608695652173914,,0.056666666666666664,,,0.20666666666666667,,0.15923076923076923,0.1378181818181818,,,,0.0,
wasabi,0.04166666666666667,0.0,0.029411764705882356,0.0446,0.05384615384615385,0.06111111111111111,0.10149999999999999,0.029166666666666667,0.13974358974358975,0.0208,0.21785714285714283,0.26066666666666666,0.0,0.05,0.03872340425531915,1.4739130434782608,,0.0,0.025,0.01,0.027777777777777776,0.04,0.031538461538461536,0.16763636363636364,0.05545454545454545,0.0041818181818181815,0.0,0.0,0.0
watercress,0.07,0.0,0.08529411764705883,0.048,0.09153846153846153,0.08888888888888889,0.040150000000000005,2.191666666666667,0.03628205128205128,0.0504,0.017857142857142856,0.09066666666666667,,0.05238095238095238,0.07319148936170213,0.07565217391304348,,0.006666666666666667,0.0175,0.012375,0.011666666666666665,0.016363636363636365,0.09615384615384616,0.00490909090909091,0.010909090909090908,0.017454545454545455,0.18888888888888888,0.3477777777777778,0.0
watermelon,,,,0.015600000000000001,,,0.0,,0.003205128205128205,,0.014285714285714287,,,,,0.0,,0.0,,,,,,0.027090909090909093,,,,,
whiskey,0.005,0.0,0.0005882352941176471,0.0,0.003076923076923077,0.023333333333333334,0.0,0.0,0.0,0.0032,0.0,0.0,,0.0,0.000425531914893617,0.0004347826086956522,,0.0,0.0,0.0008125,0.0022222222222222222,0.0,0.0,0.0,0.0036363636363636364,0.0,0.0,0.0,0.0
white wine,0.004166666666666667,0.0,0.029411764705882356,0.0014000000000000002,0.011538461538461537,0.0044444444444444444,0.0,0.0033333333333333335,0.0,0.0144,0.0,0.0,,0.023809523809523808,0.015106382978723404,0.002173913043478261,,0.0,0.0025,0.00675,0.015000000000000001,0.0018181818181818182,0.006923076923076923,0.009454545454545455,0.010909090909090908,0.007818181818181818,0.0,0.0,0.0
whole wheat,,,,0.28600000000000003,,,0.0,,0.0,,0.0,,,,,0.13826086956521738,,0.0,,,0.28555555555555556,,0.11,0.06509090909090909,,,,0.0,
wine,0.0,0.0,0.0,0.01,0.0,0.009999999999999998,0.0,0.0,0.0,0.0048,0.0,0.0,,0.014285714285714285,0.005319148936170213,0.0008695652173913044,,0.0,0.0,0.0,0.005555555555555556,0.025454545454545452,0.0038461538461538464,0.01818181818181818,0.0018181818181818182,0.0,0.0,0.0,0.0
yogurt,,,,0.0588,,,0.088,,0.03769230769230769,,0.0,,,,,0.017826086956521738,,0.04,,,0.0,,0.09076923076923077,0.05781818181818182,,,,0.0077777777777777776,
zucchini,,,,0.021,,,0.0,,0.0,,0.03928571428571429,,,,0.04723404255319149,0.0,,0.0,,,0.024444444444444446,,0.016153846153846154,0.01530909090909091,,,,0.13999999999999999,
